Date,Solar Generation(MU)
01-Jan-17,26
02-Jan-17,28
03-Jan-17,25
04-Jan-17,29
05-Jan-17,19
06-Jan-17,25
07-Jan-17,26
08-Jan-17,25
09-Jan-17,27
10-Jan-17,25
11-Jan-17,29
12-Jan-17,29
13-Jan-17,25
14-Jan-17,27
15-Jan-17,23
16-Jan-17,22
17-Jan-17,27
18-Jan-17,28
19-Jan-17,30
20-Jan-17,25
21-Jan-17,25
22-Jan-17,20
23-Jan-17,27
24-Jan-17,27
25-Jan-17,27
26-Jan-17,23
27-Jan-17,29
28-Jan-17,29
29-Jan-17,26
30-Jan-17,30
31-Jan-17,30
01-Feb-17,34
02-Feb-17,34
03-Feb-17,32
04-Feb-17,28
05-Feb-17,28
06-Feb-17,37
07-Feb-17,31
08-Feb-17,34
09-Feb-17,31
10-Feb-17,32
11-Feb-17,32
12-Feb-17,32
13-Feb-17,33
14-Feb-17,30
15-Feb-17,31
16-Feb-17,31
17-Feb-17,30
18-Feb-17,31
19-Feb-17,31
20-Feb-17,34
21-Feb-17,31
22-Feb-17,34
23-Feb-17,32
24-Feb-17,34
25-Feb-17,31
26-Feb-17,32
27-Feb-17,32
28-Feb-17,30
01-Mar-17,33
02-Mar-17,35
03-Mar-17,33
04-Mar-17,32
05-Mar-17,32
06-Mar-17,33
07-Mar-17,31
08-Mar-17,31
09-Mar-17,35
10-Mar-17,31
11-Mar-17,35
12-Mar-17,35
13-Mar-17,38
14-Mar-17,35
15-Mar-17,37
16-Mar-17,34
17-Mar-17,30
18-Mar-17,36
19-Mar-17,36
20-Mar-17,37
21-Mar-17,36
22-Mar-17,38
23-Mar-17,36
24-Mar-17,36
25-Mar-17,37
26-Mar-17,37
27-Mar-17,39
28-Mar-17,37
29-Mar-17,39
30-Mar-17,38
31-Mar-17,36
01-Apr-17,37
02-Apr-17,38
03-Apr-17,38
04-Apr-17,38
05-Apr-17,40
06-Apr-17,38
07-Apr-17,41
08-Apr-17,37
09-Apr-17,38
10-Apr-17,41
11-Apr-17,39
12-Apr-17,41
13-Apr-17,42
14-Apr-17,41
15-Apr-17,34
16-Apr-17,42
17-Apr-17,42
18-Apr-17,39
19-Apr-17,43
20-Apr-17,41
21-Apr-17,41
22-Apr-17,35
23-Apr-17,41
24-Apr-17,44
25-Apr-17,43
26-Apr-17,42
27-Apr-17,43
28-Apr-17,43
29-Apr-17,42
30-Apr-17,42
01-May-17,44
02-May-17,45
03-May-17,44
04-May-17,42
05-May-17,44
06-May-17,44
07-May-17,42
08-May-17,43
09-May-17,43
10-May-17,42
11-May-17,43
12-May-17,41
13-May-17,42
14-May-17,44
15-May-17,44
16-May-17,42
17-May-17,40
18-May-17,41
19-May-17,41
20-May-17,41
21-May-17,43
22-May-17,41
23-May-17,35
24-May-17,42
25-May-17,40
26-May-17,42
27-May-17,38
28-May-17,41
29-May-17,38
30-May-17,40
31-May-17,40
01-Jun-17,44
02-Jun-17,42
03-Jun-17,39
04-Jun-17,44
05-Jun-17,42
06-Jun-17,38
07-Jun-17,41
08-Jun-17,34
09-Jun-17,31
10-Jun-17,38
11-Jun-17,40
12-Jun-17,38
13-Jun-17,34
14-Jun-17,35
15-Jun-17,42
16-Jun-17,36
17-Jun-17,35
18-Jun-17,38
19-Jun-17,41
20-Jun-17,33
21-Jun-17,37
22-Jun-17,37
23-Jun-17,38
24-Jun-17,39
25-Jun-17,40
26-Jun-17,35
27-Jun-17,34
28-Jun-17,34
29-Jun-17,33
30-Jun-17,34
01-Jul-17,36
02-Jul-17,32
03-Jul-17,34
04-Jul-17,36
05-Jul-17,36
06-Jul-17,37
07-Jul-17,35
08-Jul-17,39
09-Jul-17,43
10-Jul-17,41
11-Jul-17,40
12-Jul-17,31
13-Jul-17,30
14-Jul-17,31
15-Jul-17,28
16-Jul-17,29
17-Jul-17,35
18-Jul-17,31
19-Jul-17,27
20-Jul-17,32
21-Jul-17,34
22-Jul-17,36
23-Jul-17,34
24-Jul-17,36
25-Jul-17,32
26-Jul-17,37
27-Jul-17,35
28-Jul-17,37
29-Jul-17,35
30-Jul-17,39
31-Jul-17,36
01-Aug-17,39
02-Aug-17,41
03-Aug-17,39
04-Aug-17,41
05-Aug-17,37
06-Aug-17,39
07-Aug-17,40
08-Aug-17,35
09-Aug-17,27
10-Aug-17,29
11-Aug-17,40
12-Aug-17,37
13-Aug-17,38
14-Aug-17,32
15-Aug-17,35
16-Aug-17,42
17-Aug-17,44
18-Aug-17,39
19-Aug-17,34
20-Aug-17,30
21-Aug-17,32
22-Aug-17,42
23-Aug-17,42
24-Aug-17,30
25-Aug-17,32
26-Aug-17,39
27-Aug-17,38
28-Aug-17,37
29-Aug-17,30
30-Aug-17,34
31-Aug-17,44
01-Sep-17,46
02-Sep-17,45
03-Sep-17,45
04-Sep-17,44
05-Sep-17,42
06-Sep-17,43
07-Sep-17,39
08-Sep-17,46
09-Sep-17,48
10-Sep-17,46
11-Sep-17,47
12-Sep-17,46
13-Sep-17,50
14-Sep-17,44
15-Sep-17,44
16-Sep-17,44
17-Sep-17,47
18-Sep-17,43
19-Sep-17,37
20-Sep-17,53
21-Sep-17,41
22-Sep-17,48
23-Sep-17,44
24-Sep-17,55
25-Sep-17,47
26-Sep-17,40
27-Sep-17,47
28-Sep-17,42
29-Sep-17,43
30-Sep-17,43
01-Oct-17,46
02-Oct-17,48
03-Oct-17,44
04-Oct-17,47
05-Oct-17,46
06-Oct-17,44
07-Oct-17,46
08-Oct-17,49
09-Oct-17,49
10-Oct-17,50
11-Oct-17,44
12-Oct-17,43
13-Oct-17,35
14-Oct-17,42
15-Oct-17,46
16-Oct-17,46
17-Oct-17,46
18-Oct-17,46
19-Oct-17,53
20-Oct-17,54
21-Oct-17,49
22-Oct-17,45
23-Oct-17,53
24-Oct-17,47
25-Oct-17,47
26-Oct-17,53
27-Oct-17,48
28-Oct-17,51
29-Oct-17,50
30-Oct-17,53
31-Oct-17,50
01-Nov-17,46
02-Nov-17,48
03-Nov-17,51
04-Nov-17,51
05-Nov-17,46
06-Nov-17,46
07-Nov-17,49
08-Nov-17,50
09-Nov-17,51
10-Nov-17,55
11-Nov-17,47
12-Nov-17,48
13-Nov-17,46
14-Nov-17,49
15-Nov-17,44
16-Nov-17,47
17-Nov-17,49
18-Nov-17,48
19-Nov-17,43
20-Nov-17,46
21-Nov-17,46
22-Nov-17,45
23-Nov-17,51
24-Nov-17,53
25-Nov-17,53
26-Nov-17,48
27-Nov-17,49
28-Nov-17,51
29-Nov-17,51
30-Nov-17,48
01-Dec-17,44
02-Dec-17,43
03-Dec-17,45
04-Dec-17,49
05-Dec-17,44
06-Dec-17,35
07-Dec-17,37
08-Dec-17,46
09-Dec-17,52
10-Dec-17,51
11-Dec-17,54
12-Dec-17,56
13-Dec-17,55
14-Dec-17,52
15-Dec-17,53
16-Dec-17,50
17-Dec-17,50
18-Dec-17,56
19-Dec-17,53
20-Dec-17,54
21-Dec-17,51
22-Dec-17,56
23-Dec-17,54
24-Dec-17,55
25-Dec-17,61
26-Dec-17,56
27-Dec-17,59
28-Dec-17,59
29-Dec-17,59
30-Dec-17,59
31-Dec-17,60
01-Jan-18,60
02-Jan-18,58
03-Jan-18,57
04-Jan-18,57
05-Jan-18,56
06-Jan-18,59
07-Jan-18,58
08-Jan-18,59
09-Jan-18,59
10-Jan-18,55
11-Jan-18,55
12-Jan-18,58
13-Jan-18,55
14-Jan-18,51
15-Jan-18,51
16-Jan-18,59
17-Jan-18,50
18-Jan-18,61
19-Jan-18,67
20-Jan-18,74
21-Jan-18,68
22-Jan-18,72
23-Jan-18,65
24-Jan-18,66
25-Jan-18,64
26-Jan-18,68
27-Jan-18,69
28-Jan-18,71
29-Jan-18,73
30-Jan-18,63
31-Jan-18,75
01-Feb-18,78
02-Feb-18,78
03-Feb-18,76
04-Feb-18,72
05-Feb-18,72
06-Feb-18,64
07-Feb-18,47
08-Feb-18,47
09-Feb-18,66
10-Feb-18,67
11-Feb-18,58
12-Feb-18,61
13-Feb-18,66
14-Feb-18,67
15-Feb-18,71
16-Feb-18,70
17-Feb-18,74
18-Feb-18,77
19-Feb-18,80
20-Feb-18,79
21-Feb-18,78
22-Feb-18,76
23-Feb-18,75
24-Feb-18,79
25-Feb-18,79
26-Feb-18,84
27-Feb-18,83
28-Feb-18,81
01-Mar-18,76
02-Mar-18,80
03-Mar-18,85
04-Mar-18,82
05-Mar-18,79
06-Mar-18,81
07-Mar-18,83
08-Mar-18,88
09-Mar-18,92
10-Mar-18,86
11-Mar-18,76
12-Mar-18,75
13-Mar-18,72
14-Mar-18,75
15-Mar-18,70
16-Mar-18,63
17-Mar-18,66
18-Mar-18,74
19-Mar-18,81
20-Mar-18,75
21-Mar-18,84
22-Mar-18,80
23-Mar-18,84
24-Mar-18,85
25-Mar-18,81
26-Mar-18,84
27-Mar-18,85
28-Mar-18,82
29-Mar-18,83
30-Mar-18,80
31-Mar-18,79
01-Apr-18,80
02-Apr-18,90
03-Apr-18,84
04-Apr-18,87
05-Apr-18,86
06-Apr-18,86
07-Apr-18,77
08-Apr-18,90
09-Apr-18,85
10-Apr-18,88
11-Apr-18,94
12-Apr-18,89
13-Apr-18,96
14-Apr-18,92
15-Apr-18,98
16-Apr-18,88
17-Apr-18,94
18-Apr-18,96
19-Apr-18,99
20-Apr-18,98
21-Apr-18,94
22-Apr-18,102
23-Apr-18,93
24-Apr-18,98
25-Apr-18,99
26-Apr-18,102
27-Apr-18,99
28-Apr-18,98
29-Apr-18,95
30-Apr-18,92
01-May-18,97
02-May-18,101
03-May-18,91
04-May-18,92
05-May-18,90
06-May-18,95
07-May-18,97
08-May-18,94
09-May-18,96
10-May-18,92
11-May-18,89
12-May-18,99
13-May-18,93
14-May-18,92
15-May-18,89
16-May-18,87
17-May-18,90
18-May-18,90
19-May-18,89
20-May-18,92
21-May-18,94
22-May-18,89
23-May-18,93
24-May-18,84
25-May-18,87
26-May-18,87
27-May-18,91
28-May-18,98
29-May-18,95
30-May-18,99
31-May-18,92
01-Jun-18,93
02-Jun-18,90
03-Jun-18,75
04-Jun-18,91
05-Jun-18,91
06-Jun-18,91
07-Jun-18,88
08-Jun-18,85
09-Jun-18,75
10-Jun-18,70
11-Jun-18,79
12-Jun-18,77
13-Jun-18,84
14-Jun-18,89
15-Jun-18,83
16-Jun-18,91
17-Jun-18,92
18-Jun-18,88
19-Jun-18,83
20-Jun-18,91
21-Jun-18,97
22-Jun-18,86
23-Jun-18,76
24-Jun-18,74
25-Jun-18,91
26-Jun-18,82
27-Jun-18,83
28-Jun-18,70
29-Jun-18,67
30-Jun-18,78
01-Jul-18,89
02-Jul-18,80
03-Jul-18,89
04-Jul-18,80
05-Jul-18,80
06-Jul-18,84
07-Jul-18,74
08-Jul-18,67
09-Jul-18,69
10-Jul-18,65
11-Jul-18,59
12-Jul-18,58
13-Jul-18,58
14-Jul-18,66
15-Jul-18,61
16-Jul-18,57
17-Jul-18,59
18-Jul-18,72
19-Jul-18,73
20-Jul-18,69
21-Jul-18,58
22-Jul-18,66
23-Jul-18,61
24-Jul-18,62
25-Jul-18,65
26-Jul-18,75
27-Jul-18,63
28-Jul-18,64
29-Jul-18,73
30-Jul-18,79
31-Jul-18,82
01-Aug-18,77
02-Aug-18,80
03-Aug-18,83
04-Aug-18,82
05-Aug-18,79
06-Aug-18,76
07-Aug-18,76
08-Aug-18,65
09-Aug-18,64
10-Aug-18,74
11-Aug-18,74
12-Aug-18,60
13-Aug-18,57
14-Aug-18,71
15-Aug-18,69
16-Aug-18,54
17-Aug-18,59
18-Aug-18,73
19-Aug-18,71
20-Aug-18,67
21-Aug-18,57
22-Aug-18,73
23-Aug-18,83
24-Aug-18,77
25-Aug-18,85
26-Aug-18,76
27-Aug-18,75
28-Aug-18,73
29-Aug-18,81
30-Aug-18,75
31-Aug-18,91
01-Sep-18,82
02-Sep-18,85
03-Sep-18,89
04-Sep-18,90
05-Sep-18,94
06-Sep-18,91
07-Sep-18,90
08-Sep-18,86
09-Sep-18,86
10-Sep-18,89
11-Sep-18,84
12-Sep-18,93
13-Sep-18,92
14-Sep-18,99
15-Sep-18,101
16-Sep-18,103
17-Sep-18,90
18-Sep-18,80
19-Sep-18,97
20-Sep-18,87
21-Sep-18,87
22-Sep-18,77
23-Sep-18,90
24-Sep-18,93
25-Sep-18,94
26-Sep-18,97
27-Sep-18,96
28-Sep-18,99
29-Sep-18,95
30-Sep-18,95
01-Oct-18,103
02-Oct-18,100
03-Oct-18,103
04-Oct-18,99
05-Oct-18,95
06-Oct-18,91
07-Oct-18,100
08-Oct-18,104
09-Oct-18,105
10-Oct-18,104
11-Oct-18,100
12-Oct-18,100
13-Oct-18,107
14-Oct-18,105
15-Oct-18,96
16-Oct-18,100
17-Oct-18,93
18-Oct-18,88
19-Oct-18,101
20-Oct-18,110
21-Oct-18,111
22-Oct-18,107
23-Oct-18,113
24-Oct-18,111
25-Oct-18,103
26-Oct-18,99
27-Oct-18,107
28-Oct-18,114
29-Oct-18,117
30-Oct-18,112
31-Oct-18,116
01-Nov-18,107
02-Nov-18,96
03-Nov-18,82
04-Nov-18,90
05-Nov-18,108
06-Nov-18,111
07-Nov-18,105
08-Nov-18,111
09-Nov-18,107
10-Nov-18,111
11-Nov-18,113
12-Nov-18,115
13-Nov-18,113
14-Nov-18,111
15-Nov-18,109
16-Nov-18,107
17-Nov-18,87
18-Nov-18,103
19-Nov-18,103
20-Nov-18,98
21-Nov-18,97
22-Nov-18,101
23-Nov-18,90
24-Nov-18,86
25-Nov-18,101
26-Nov-18,107
27-Nov-18,107
28-Nov-18,108
29-Nov-18,109
30-Nov-18,100
01-Dec-18,103
02-Dec-18,108
03-Dec-18,110
04-Dec-18,100
05-Dec-18,81
06-Dec-18,81
07-Dec-18,97
08-Dec-18,105
09-Dec-18,99
10-Dec-18,93
11-Dec-18,86
12-Dec-18,96
13-Dec-18,96
14-Dec-18,90
15-Dec-18,94
16-Dec-18,102
17-Dec-18,94
18-Dec-18,91
19-Dec-18,92
20-Dec-18,99
21-Dec-18,110
22-Dec-18,106
23-Dec-18,106
24-Dec-18,109
25-Dec-18,101
26-Dec-18,104
27-Dec-18,104
28-Dec-18,102
29-Dec-18,107
30-Dec-18,107
31-Dec-18,107
01-Jan-19,115.13
02-Jan-19,116.26
03-Jan-19,115.34
04-Jan-19,115.35
05-Jan-19,107.89
06-Jan-19,110.89
07-Jan-19,110.12
08-Jan-19,109.03
09-Jan-19,111.91
10-Jan-19,116.43
11-Jan-19,115.72
12-Jan-19,114.12
13-Jan-19,108.03
14-Jan-19,101
15-Jan-19,105
16-Jan-19,114
17-Jan-19,114.57
18-Jan-19,112.85
19-Jan-19,115.69
20-Jan-19,113.9
21-Jan-19,111.1
22-Jan-19,113.35
23-Jan-19,108.77
24-Jan-19,105.94
25-Jan-19,107.86
26-Jan-19,92.81
27-Jan-19,90.3
28-Jan-19,84.93
29-Jan-19,90.72
30-Jan-19,111.59
31-Jan-19,119.26
01-Feb-19,111.9
02-Feb-19,115.39
03-Feb-19,114.42
04-Feb-19,118.81
05-Feb-19,115.27
06-Feb-19,114.27
07-Feb-19,116.35
08-Feb-19,111.28
09-Feb-19,113.64
10-Feb-19,114.79
11-Feb-19,117.16
12-Feb-19,112
13-Feb-19,119.25
14-Feb-19,119.58
15-Feb-19,121.66
16-Feb-19,118.19
17-Feb-19,127.47
18-Feb-19,126.23
19-Feb-19,120.61
20-Feb-19,120.11
21-Feb-19,114.86
22-Feb-19,124.2
23-Feb-19,133.26
24-Feb-19,131.55
25-Feb-19,131.45
26-Feb-19,134.32
27-Feb-19,121.4
28-Feb-19,123.63
01-Mar-19,129.18
02-Mar-19,127.69
03-Mar-19,108.17
04-Mar-19,118.65
05-Mar-19,123.6
06-Mar-19,133.92
07-Mar-19,137.1
08-Mar-19,135.41
09-Mar-19,129
10-Mar-19,133.32
11-Mar-19,125.47
12-Mar-19,132.32
13-Mar-19,128.57
14-Mar-19,125.64
15-Mar-19,132.37
16-Mar-19,136.27
17-Mar-19,134.62
18-Mar-19,140.84
19-Mar-19,133.35
20-Mar-19,135.55
21-Mar-19,128.02
22-Mar-19,135.55
23-Mar-19,134.46
24-Mar-19,130.92
25-Mar-19,132.11
26-Mar-19,106.12
27-Mar-19,140.68
28-Mar-19,137.73
29-Mar-19,139.14
30-Mar-19,132.24
31-Mar-19,134.34
01-Apr-19,138.15
02-Apr-19,138.36
03-Apr-19,134.13
04-Apr-19,134.66
05-Apr-19,134.19
06-Apr-19,132.95
07-Apr-19,137.68
08-Apr-19,129.59
09-Apr-19,133.16
10-Apr-19,132.71
11-Apr-19,136.7
12-Apr-19,148.19
13-Apr-19,137.22
14-Apr-19,138.07
15-Apr-19,136.15
16-Apr-19,131.03
17-Apr-19,123.75
18-Apr-19,125.6
19-Apr-19,142.36
20-Apr-19,139.83
21-Apr-19,142.28
22-Apr-19,141.74
23-Apr-19,140.06
24-Apr-19,140.74
25-Apr-19,141.18
26-Apr-19,144.29
27-Apr-19,138.46
28-Apr-19,133.01
29-Apr-19,135.19
30-Apr-19,129.52
01-May-19,130.53
02-May-19,121.12
03-May-19,135.08
04-May-19,144.17
05-May-19,141.21
06-May-19,138.85
07-May-19,147.1
08-May-19,141.28
09-May-19,136.47
10-May-19,142.33
11-May-19,138.79
12-May-19,133.46
13-May-19,130.28
14-May-19,133.48
15-May-19,133.63
16-May-19,134.01
17-May-19,141.75
18-May-19,134.91
19-May-19,140.32
20-May-19,136.84
21-May-19,141.93
22-May-19,128.48
23-May-19,138.88
24-May-19,133.87
25-May-19,140.39
26-May-19,143
27-May-19,143.41
28-May-19,145.6
29-May-19,147.07
30-May-19,138.85
31-May-19,127.31
01-Jun-19,136.62
02-Jun-19,131.11
03-Jun-19,137.54
04-Jun-19,127.65
05-Jun-19,111.52
06-Jun-19,116.87
07-Jun-19,134.71
08-Jun-19,136.76
09-Jun-19,123.19
10-Jun-19,135.64
11-Jun-19,136.33
12-Jun-19,138.3
13-Jun-19,128.85
14-Jun-19,113.81
15-Jun-19,134.46
16-Jun-19,141.48
17-Jun-19,142.53
18-Jun-19,138.13
19-Jun-19,133.36
20-Jun-19,135.57
21-Jun-19,130.62
22-Jun-19,116.09
23-Jun-19,109.9
24-Jun-19,112.96
25-Jun-19,115.18
26-Jun-19,122.76
27-Jun-19,116.45
28-Jun-19,127.03
29-Jun-19,121.25
30-Jun-19,110.46
01-Jul-19,102.98
02-Jul-19,107.86
03-Jul-19,111.65
04-Jul-19,111.86
05-Jul-19,115.07
06-Jul-19,99.89
07-Jul-19,99.27
08-Jul-19,109.28
09-Jul-19,119.32
10-Jul-19,110.01
11-Jul-19,118.62
12-Jul-19,111.97
13-Jul-19,116.83
14-Jul-19,123.27
15-Jul-19,117.93
16-Jul-19,118.46
17-Jul-19,121.12
18-Jul-19,117.3
19-Jul-19,116.04
20-Jul-19,105.46
21-Jul-19,103.98
22-Jul-19,110.56
23-Jul-19,115.96
24-Jul-19,112.64
25-Jul-19,109.34
26-Jul-19,96.57
27-Jul-19,77.54
28-Jul-19,82.49
29-Jul-19,65.84
30-Jul-19,81.11
31-Jul-19,84.52
01-Aug-19,109.99
02-Aug-19,96.02
03-Aug-19,75.48
04-Aug-19,85.37
05-Aug-19,90.52
06-Aug-19,98.49
07-Aug-19,89.55
08-Aug-19,78.66
09-Aug-19,74.72
10-Aug-19,84.57
11-Aug-19,93.08
12-Aug-19,106.61
13-Aug-19,111.52
14-Aug-19,105.37
15-Aug-19,103.96
16-Aug-19,95.76
17-Aug-19,107.38
18-Aug-19,105.47
19-Aug-19,90.17
20-Aug-19,99.54
21-Aug-19,113.71
22-Aug-19,115.97
23-Aug-19,121.09
24-Aug-19,118.93
25-Aug-19,125.48
26-Aug-19,121.72
27-Aug-19,117.83
28-Aug-19,125.97
29-Aug-19,113.25
30-Aug-19,119.29
31-Aug-19,119.28
01-Sep-19,101.66
02-Sep-19,90.49
03-Sep-19,99.68
04-Sep-19,92.79
05-Sep-19,93.76
06-Sep-19,106.74
07-Sep-19,102.63
08-Sep-19,103.02
09-Sep-19,105.1
10-Sep-19,120.74
11-Sep-19,118.96
12-Sep-19,119.45
13-Sep-19,104.62
14-Sep-19,110.07
15-Sep-19,110.17
16-Sep-19,107.73
17-Sep-19,111.04
18-Sep-19,98.64
19-Sep-19,96.32
20-Sep-19,98.19
21-Sep-19,110.02
22-Sep-19,126.82
23-Sep-19,108.39
24-Sep-19,117.31
25-Sep-19,106.17
26-Sep-19,114.4
27-Sep-19,104.79
28-Sep-19,116.34
29-Sep-19,119.75
30-Sep-19,116.34
01-Oct-19,123.08
02-Oct-19,125.99
03-Oct-19,124.64
04-Oct-19,123.77
05-Oct-19,132.48
06-Oct-19,131.78
07-Oct-19,115.45
08-Oct-19,114.49
09-Oct-19,130.69
10-Oct-19,127.98
11-Oct-19,125.03
12-Oct-19,120.34
13-Oct-19,121.88
14-Oct-19,123.58
15-Oct-19,129.85
16-Oct-19,116.61
17-Oct-19,105.1
18-Oct-19,108.47
19-Oct-19,112.56
20-Oct-19,109.59
21-Oct-19,105.36
22-Oct-19,97.29
23-Oct-19,104.62
24-Oct-19,107.91
25-Oct-19,104.98
26-Oct-19,99.93
27-Oct-19,97.15
28-Oct-19,97.97
29-Oct-19,96.4
30-Oct-19,93.1
31-Oct-19,81.18
01-Nov-19,99.85
02-Nov-19,103.13
03-Nov-19,103.88
04-Nov-19,102.9
05-Nov-19,134.41
06-Nov-19,137.21
07-Nov-19,125.92
08-Nov-19,125.29
09-Nov-19,118.41
10-Nov-19,125.17
11-Nov-19,127.15
12-Nov-19,129.22
13-Nov-19,127.31
14-Nov-19,116.21
15-Nov-19,91.95
16-Nov-19,98.22
17-Nov-19,115.07
18-Nov-19,130.39
19-Nov-19,121.54
20-Nov-19,110.32
21-Nov-19,126.27
22-Nov-19,123.52
23-Nov-19,119.3
24-Nov-19,133.4
25-Nov-19,129.67
26-Nov-19,136.15
27-Nov-19,115.61
28-Nov-19,117.36
29-Nov-19,110.59
30-Nov-19,114.17
01-Dec-19,109.03
02-Dec-19,83.06
03-Dec-19,85.74
04-Dec-19,92.51
05-Dec-19,111.85
06-Dec-19,109.03
07-Dec-19,102.9
08-Dec-19,118.63
09-Dec-19,107.96
10-Dec-19,124.08
11-Dec-19,123.49
12-Dec-19,118.91
13-Dec-19,107.28
14-Dec-19,123.09
15-Dec-19,116.19
16-Dec-19,116.33
17-Dec-19,128.49
18-Dec-19,120.1
19-Dec-19,116.1
20-Dec-19,122.47
21-Dec-19,118.22
22-Dec-19,124.83
23-Dec-19,129.38
24-Dec-19,120.81
25-Dec-19,122.03
26-Dec-19,115.56
27-Dec-19,110.37
28-Dec-19,131.05
29-Dec-19,128.35
30-Dec-19,124.24
31-Dec-19,123.97
01-Jan-20,104.59
02-Jan-20,111.34
03-Jan-20,109.25
04-Jan-20,118.37
05-Jan-20,122
06-Jan-20,112.35
07-Jan-20,105.12
08-Jan-20,96.03
09-Jan-20,122.41
10-Jan-20,138.79
11-Jan-20,142.51
12-Jan-20,138.02
13-Jan-20,137.19
14-Jan-20,128
15-Jan-20,149
16-Jan-20,150
17-Jan-20,144
18-Jan-20,146
19-Jan-20,138
20-Jan-20,135
21-Jan-20,136
22-Jan-20,151
23-Jan-20,150
24-Jan-20,141
25-Jan-20,158
26-Jan-20,151
27-Jan-20,154
28-Jan-20,139
29-Jan-20,136
30-Jan-20,139
31-Jan-20,161
01-Feb-20,163
02-Feb-20,156
03-Feb-20,144
04-Feb-20,151
05-Feb-20,144
06-Feb-20,148
07-Feb-20,159
08-Feb-20,151
09-Feb-20,136
10-Feb-20,144
11-Feb-20,139
12-Feb-20,140
13-Feb-20,142
14-Feb-20,154
15-Feb-20,172
16-Feb-20,171
17-Feb-20,174
18-Feb-20,176
19-Feb-20,175
20-Feb-20,165
21-Feb-20,164
22-Feb-20,158
23-Feb-20,161
24-Feb-20,164
25-Feb-20,153
26-Feb-20,152
27-Feb-20,160
28-Feb-20,155
29-Feb-20,178
01-Mar-20,153
02-Mar-20,155
03-Mar-20,153
04-Mar-20,153
05-Mar-20,158
06-Mar-20,147
07-Mar-20,135
08-Mar-20,147
09-Mar-20,152
10-Mar-20,144
11-Mar-20,162
12-Mar-20,148
13-Mar-20,153
14-Mar-20,162
15-Mar-20,161
16-Mar-20,158
17-Mar-20,164
18-Mar-20,168
19-Mar-20,176
20-Mar-20,165
21-Mar-20,166
22-Mar-20,174
23-Mar-20,159
24-Mar-20,157
25-Mar-20,155
26-Mar-20,148
27-Mar-20,139
28-Mar-20,154
29-Mar-20,178
30-Mar-20,174
31-Mar-20,174
01-Apr-20,166
02-Apr-20,170
03-Apr-20,175
04-Apr-20,173
05-Apr-20,159
06-Apr-20,156
07-Apr-20,156
08-Apr-20,150
09-Apr-20,166
10-Apr-20,159
11-Apr-20,163
12-Apr-20,171
13-Apr-20,163
14-Apr-20,159
15-Apr-20,156
16-Apr-20,159
17-Apr-20,150
18-Apr-20,151
19-Apr-20,162
20-Apr-20,160
21-Apr-20,150
22-Apr-20,163
23-Apr-20,158
24-Apr-20,157
25-Apr-20,152
26-Apr-20,165
27-Apr-20,160
28-Apr-20,169
29-Apr-20,154
30-Apr-20,137
01-May-20,152
02-May-20,162
03-May-20,171
04-May-20,161
05-May-20,157
06-May-20,168
07-May-20,153
08-May-20,161
09-May-20,162
10-May-20,160
11-May-20,151
12-May-20,155
13-May-20,163
14-May-20,148
15-May-20,152
16-May-20,157
17-May-20,146
18-May-20,146
19-May-20,141
20-May-20,143
21-May-20,158
22-May-20,166
23-May-20,161
24-May-20,156
25-May-20,155
26-May-20,155
27-May-20,156
28-May-20,156
29-May-20,156
30-May-20,152
31-May-20,140
01-Jun-20,141
02-Jun-20,136
03-Jun-20,143
04-Jun-20,128
05-Jun-20,129
06-Jun-20,131
07-Jun-20,147
08-Jun-20,139
09-Jun-20,151
10-Jun-20,152
11-Jun-20,133
12-Jun-20,107
13-Jun-20,116
14-Jun-20,117
15-Jun-20,129
16-Jun-20,136
17-Jun-20,129
18-Jun-20,125
19-Jun-20,128
20-Jun-20,135
21-Jun-20,141
22-Jun-20,120
23-Jun-20,132
24-Jun-20,140
25-Jun-20,141
26-Jun-20,140
27-Jun-20,141
28-Jun-20,137
29-Jun-20,132
30-Jun-20,138
01-Jul-20,131
02-Jul-20,139
03-Jul-20,140
04-Jul-20,134
05-Jul-20,149
06-Jul-20,100
07-Jul-20,107
08-Jul-20,125
09-Jul-20,128
10-Jul-20,123
11-Jul-20,121
12-Jul-20,136
13-Jul-20,132
14-Jul-20,133
15-Jul-20,116
16-Jul-20,102
17-Jul-20,109
18-Jul-20,129
19-Jul-20,136
20-Jul-20,132
21-Jul-20,129
22-Jul-20,130
23-Jul-20,133
24-Jul-20,118
25-Jul-20,129
26-Jul-20,123
27-Jul-20,138
28-Jul-20,154
29-Jul-20,138
30-Jul-20,122
31-Jul-20,136
01-Aug-20,128
02-Aug-20,131
03-Aug-20,136
04-Aug-20,124
05-Aug-20,118
06-Aug-20,105
07-Aug-20,116
08-Aug-20,112
09-Aug-20,113
10-Aug-20,99
11-Aug-20,94
12-Aug-20,117
13-Aug-20,110
14-Aug-20,96
15-Aug-20,100
16-Aug-20,88
17-Aug-20,87
18-Aug-20,101
19-Aug-20,116
20-Aug-20,113
21-Aug-20,101
22-Aug-20,130
23-Aug-20,145
24-Aug-20,144
25-Aug-20,139
26-Aug-20,151
27-Aug-20,142
28-Aug-20,138
29-Aug-20,156
30-Aug-20,137
31-Aug-20,151
01-Sep-20,147
02-Sep-20,149
03-Sep-20,115
04-Sep-20,145
05-Sep-20,151
06-Sep-20,154
07-Sep-20,164
08-Sep-20,166
09-Sep-20,157
10-Sep-20,161
11-Sep-20,148
12-Sep-20,144
13-Sep-20,137
14-Sep-20,111
15-Sep-20,110
16-Sep-20,135
17-Sep-20,134
18-Sep-20,145
19-Sep-20,137
20-Sep-20,121
21-Sep-20,121
22-Sep-20,132
23-Sep-20,141
24-Sep-20,142
25-Sep-20,156
26-Sep-20,147
27-Sep-20,111
28-Sep-20,159
29-Sep-20,178
30-Sep-20,148
01-Oct-20,138
02-Oct-20,154
03-Oct-20,167
04-Oct-20,156
05-Oct-20,146
06-Oct-20,167
07-Oct-20,178
08-Oct-20,163
09-Oct-20,131
10-Oct-20,128
11-Oct-20,125
12-Oct-20,120
13-Oct-20,122
14-Oct-20,124
15-Oct-20,130
16-Oct-20,117
17-Oct-20,105
18-Oct-20,108
19-Oct-20,113
20-Oct-20,110
21-Oct-20,105
22-Oct-20,97
23-Oct-20,105
24-Oct-20,108
25-Oct-20,105
26-Oct-20,100
27-Oct-20,97
28-Oct-20,98
29-Oct-20,96
30-Oct-20,93
31-Oct-20,81
01-Nov-20,160
02-Nov-20,103
03-Nov-20,103
04-Nov-20,103
05-Nov-20,134
06-Nov-20,137
07-Nov-20,126
08-Nov-20,125
09-Nov-20,118
10-Nov-20,125
11-Nov-20,127
12-Nov-20,129
13-Nov-20,127
14-Nov-20,116
15-Nov-20,83
16-Nov-20,98
17-Nov-20,115
18-Nov-20,130
19-Nov-20,122
20-Nov-20,110
21-Nov-20,126
22-Nov-20,124
23-Nov-20,119
24-Nov-20,133
25-Nov-20,130
26-Nov-20,136
27-Nov-20,116
28-Nov-20,117
29-Nov-20,111
30-Nov-20,114
01-Dec-20,154
02-Dec-20,168
03-Dec-20,160
04-Dec-20,128
05-Dec-20,136
06-Dec-20,143
07-Dec-20,143
08-Dec-20,128
09-Dec-20,140
10-Dec-20,143
11-Dec-20,173
12-Dec-20,148
13-Dec-20,156
14-Dec-20,148
15-Dec-20,151
16-Dec-20,151
17-Dec-20,124
18-Dec-20,132
19-Dec-20,190
20-Dec-20,154
21-Dec-20,148
22-Dec-20,168
23-Dec-20,162
24-Dec-20,161
25-Dec-20,166
26-Dec-20,161
27-Dec-20,168
28-Dec-20,166
29-Dec-20,165
30-Dec-20,160
31-Dec-20,160
01-Jan-21,126
02-Jan-21,146
03-Jan-21,129
04-Jan-21,129
05-Jan-21,127
06-Jan-21,111
07-Jan-21,102
08-Jan-21,104
09-Jan-21,132
10-Jan-21,113
11-Jan-21,144
12-Jan-21,140
13-Jan-21,152
14-Jan-21,158
15-Jan-21,154
16-Jan-21,163
17-Jan-21,159
18-Jan-21,173
19-Jan-21,159
20-Jan-21,167
21-Jan-21,177
22-Jan-21,174
23-Jan-21,165
24-Jan-21,166
25-Jan-21,178
26-Jan-21,183
27-Jan-21,186
28-Jan-21,184
29-Jan-21,181
30-Jan-21,177
31-Jan-21,181
01-Feb-21,182
02-Feb-21,187
03-Feb-21,184
04-Feb-21,181
05-Feb-21,183
06-Feb-21,188
07-Feb-21,194
08-Feb-21,190
09-Feb-21,200
10-Feb-21,195
11-Feb-21,201
12-Feb-21,192
13-Feb-21,200
14-Feb-21,202
15-Feb-21,193
16-Feb-21,189
17-Feb-21,181
18-Feb-21,189
19-Feb-21,175
20-Feb-21,148
21-Feb-21,175
22-Feb-21,157
23-Feb-21,185
24-Feb-21,197
25-Feb-21,201
26-Feb-21,203
27-Feb-21,199
28-Feb-21,197
01-Mar-21,206
02-Mar-21,203
03-Mar-21,205
04-Mar-21,207
05-Mar-21,206
06-Mar-21,213
07-Mar-21,209
08-Mar-21,198
09-Mar-21,197
10-Mar-21,207
11-Mar-21,202
12-Mar-21,201
13-Mar-21,188
14-Mar-21,199
15-Mar-21,200
16-Mar-21,200
17-Mar-21,196
18-Mar-21,187
19-Mar-21,178
20-Mar-21,178
21-Mar-21,192
22-Mar-21,183
23-Mar-21,175
24-Mar-21,200
25-Mar-21,199
26-Mar-21,188
27-Mar-21,199
28-Mar-21,194
29-Mar-21,193
30-Mar-21,195
31-Mar-21,192
01-Apr-21,210
02-Apr-21,221
03-Apr-21,214
04-Apr-21,212
05-Apr-21,205
06-Apr-21,195
07-Apr-21,185
08-Apr-21,199
09-Apr-21,191
10-Apr-21,200
11-Apr-21,203
12-Apr-21,200
13-Apr-21,195
14-Apr-21,186
15-Apr-21,177
16-Apr-21,202
17-Apr-21,198
18-Apr-21,202
19-Apr-21,202
20-Apr-21,201
21-Apr-21,176
22-Apr-21,194
23-Apr-21,195
24-Apr-21,179
25-Apr-21,200
26-Apr-21,206
27-Apr-21,206
28-Apr-21,202
29-Apr-21,196
30-Apr-21,185
01-May-21,192
02-May-21,178
03-May-21,177
04-May-21,193
05-May-21,186
06-May-21,199
07-May-21,185
08-May-21,191
09-May-21,200
10-May-21,190
11-May-21,189
12-May-21,189
13-May-21,191
14-May-21,183
15-May-21,201
16-May-21,174
17-May-21,165
18-May-21,178
19-May-21,160
20-May-21,174
21-May-21,181
22-May-21,185
23-May-21,171
24-May-21,203
25-May-21,188
26-May-21,193
27-May-21,186
28-May-21,188
29-May-21,199
30-May-21,201
31-May-21,198
01-Jun-21,207
02-Jun-21,195
03-Jun-21,197
04-Jun-21,173
05-Jun-21,175
06-Jun-21,176
07-Jun-21,187
08-Jun-21,205
09-Jun-21,205
10-Jun-21,179
11-Jun-21,183
12-Jun-21,182
13-Jun-21,167
14-Jun-21,167
15-Jun-21,159
16-Jun-21,171
17-Jun-21,175
18-Jun-21,151
19-Jun-21,159
20-Jun-21,165
21-Jun-21,195
22-Jun-21,197
23-Jun-21,185
24-Jun-21,176
25-Jun-21,174
26-Jun-21,186
27-Jun-21,169
28-Jun-21,142
29-Jun-21,178
30-Jun-21,207
01-Jul-21,206
02-Jul-21,168
03-Jul-21,167
04-Jul-21,189
05-Jul-21,186
06-Jul-21,183
07-Jul-21,195
08-Jul-21,193
09-Jul-21,168
10-Jul-21,163
11-Jul-21,164
12-Jul-21,122
13-Jul-21,145
14-Jul-21,149
15-Jul-21,151
16-Jul-21,160
17-Jul-21,173
18-Jul-21,171
19-Jul-21,133
20-Jul-21,166
21-Jul-21,143
22-Jul-21,118
23-Jul-21,119
24-Jul-21,143
25-Jul-21,169
26-Jul-21,161
27-Jul-21,166
28-Jul-21,148
29-Jul-21,145
30-Jul-21,133
31-Jul-21,139
01-Aug-21,142
02-Aug-21,147
03-Aug-21,160
04-Aug-21,170
05-Aug-21,169
06-Aug-21,169
07-Aug-21,172
08-Aug-21,183
09-Aug-21,186
10-Aug-21,184
11-Aug-21,174
12-Aug-21,190
13-Aug-21,176
14-Aug-21,175
15-Aug-21,186
16-Aug-21,174
17-Aug-21,165
18-Aug-21,157
19-Aug-21,171
20-Aug-21,177
21-Aug-21,161
22-Aug-21,140
23-Aug-21,167
24-Aug-21,192
25-Aug-21,198
26-Aug-21,186
27-Aug-21,183
28-Aug-21,176
29-Aug-21,153
30-Aug-21,154
31-Aug-21,132
01-Sep-21,169
02-Sep-21,184
03-Sep-21,162
04-Sep-21,138
05-Sep-21,170
06-Sep-21,173
07-Sep-21,154
08-Sep-21,166
09-Sep-21,181
10-Sep-21,185
11-Sep-21,179
12-Sep-21,166
13-Sep-21,170
14-Sep-21,166
15-Sep-21,171
16-Sep-21,182
17-Sep-21,197
18-Sep-21,193
19-Sep-21,188
20-Sep-21,180
21-Sep-21,182
22-Sep-21,159
23-Sep-21,162
24-Sep-21,159
25-Sep-21,146
26-Sep-21,190
27-Sep-21,176
28-Sep-21,150
29-Sep-21,176
30-Sep-21,183
01-Oct-21,180
02-Oct-21,185
03-Oct-21,192
04-Oct-21,209
05-Oct-21,204
06-Oct-21,188
07-Oct-21,181
08-Oct-21,193
09-Oct-21,191
10-Oct-21,181
11-Oct-21,203
12-Oct-21,197
13-Oct-21,205
14-Oct-21,202
15-Oct-21,205
16-Oct-21,208
17-Oct-21,187
18-Oct-21,173
19-Oct-21,194
20-Oct-21,198
21-Oct-21,198
22-Oct-21,207
23-Oct-21,209
24-Oct-21,190
25-Oct-21,181
26-Oct-21,202
27-Oct-21,205
28-Oct-21,206
29-Oct-21,207
30-Oct-21,171
31-Oct-21,190
01-Nov-21,187
02-Nov-21,171
03-Nov-21,170
04-Nov-21,172
05-Nov-21,175
06-Nov-21,178
07-Nov-21,186
08-Nov-21,161
09-Nov-21,167
10-Nov-21,175
11-Nov-21,170
12-Nov-21,147
13-Nov-21,142
14-Nov-21,156
15-Nov-21,161
16-Nov-21,166
17-Nov-21,164
18-Nov-21,143
19-Nov-21,112
20-Nov-21,119
21-Nov-21,140
22-Nov-21,158
23-Nov-21,184
24-Nov-21,188
25-Nov-21,181
26-Nov-21,183
27-Nov-21,183
28-Nov-21,174
29-Nov-21,146
30-Nov-21,146
01-Dec-21,159
02-Dec-21,127
03-Dec-21,136
04-Dec-21,171
05-Dec-21,172
06-Dec-21,165
07-Dec-21,176
08-Dec-21,191
09-Dec-21,187
10-Dec-21,163
11-Dec-21,177
12-Dec-21,189
13-Dec-21,187
14-Dec-21,168
15-Dec-21,172
16-Dec-21,171
17-Dec-21,196
18-Dec-21,192
19-Dec-21,213
20-Dec-21,219
21-Dec-21,216
22-Dec-21,213
23-Dec-21,207
24-Dec-21,184
25-Dec-21,191
26-Dec-21,190
27-Dec-21,164
28-Dec-21,173
29-Dec-21,150
30-Dec-21,185
31-Dec-21,182
01-Jan-22,144
02-Jan-22,172
03-Jan-22,187
04-Jan-22,199
05-Jan-22,179
06-Jan-22,145
07-Jan-22,155
08-Jan-22,140
09-Jan-22,169
10-Jan-22,182
11-Jan-22,199
12-Jan-22,191
13-Jan-22,197
14-Jan-22,208
15-Jan-22,203
16-Jan-22,205
17-Jan-22,194
18-Jan-22,202
19-Jan-22,216
20-Jan-22,220
21-Jan-22,222
22-Jan-22,207
23-Jan-22,173
24-Jan-22,214
25-Jan-22,224
26-Jan-22,225
27-Jan-22,217
28-Jan-22,217
29-Jan-22,256
30-Jan-22,235
31-Jan-22,240
01-Feb-22,232
02-Feb-22,226
03-Feb-22,232
04-Feb-22,221
05-Feb-22,243
06-Feb-22,243
07-Feb-22,233
08-Feb-22,233
09-Feb-22,225
10-Feb-22,228
11-Feb-22,238
12-Feb-22,244
13-Feb-22,247
14-Feb-22,250
15-Feb-22,248
16-Feb-22,236
17-Feb-22,241
18-Feb-22,244
19-Feb-22,236
20-Feb-22,247
21-Feb-22,260
22-Feb-22,252
23-Feb-22,252
24-Feb-22,250
25-Feb-22,246
26-Feb-22,258
27-Feb-22,257
28-Feb-22,266
01-Mar-22,265
02-Mar-22,263
03-Mar-22,253
04-Mar-22,261
05-Mar-22,266
06-Mar-22,264
07-Mar-22,238
08-Mar-22,249
09-Mar-22,250
10-Mar-22,256
11-Mar-22,248
12-Mar-22,251
13-Mar-22,251
14-Mar-22,259
15-Mar-22,262
16-Mar-22,262
17-Mar-22,259
18-Mar-22,259
19-Mar-22,257
20-Mar-22,254
21-Mar-22,234
22-Mar-22,248
23-Mar-22,227
24-Mar-22,237
25-Mar-22,233
26-Mar-22,237
27-Mar-22,248
